Name,Travel Preferences,In-Flight Service,Amenities,Rate of Punctuality,Baggage Handling,Remarks,Check-In Process,Seat Comfort
"zz

RIKI BHARALI
","International
","Cleanliness, Comfort","In-Flight Entertainment, Blanket/Pillow",Slightly Delayed,"Average
","tsa oo Seat Was excelient, the
meal service was disappointing. The steak was
served undercooked, and when asked to be
returned, it came back in the same condition.
Additionally, the crew was hard to reach via the
Call button. However, the airport lounge
experience was exceptional with a great variety
of drinks and dining options.",,
"ANURUP BORAH
","Domestic
","Cabin Crew Cleanliness, Comfort, Entertainment","Wi-Fi, In-Flight Entertainment, Blanket/Pillow",Very Punctual,"Very Efficient
","| recently took a 2-hour flight from Singapore to
Ho Chi Minh City in economy. The cabin was
spotless and the seats were surprisingly
comfortable for the price. The cabin crew were
proactive, offering hot towels, and the
entertainment system was easy to use. The meal
provided was both tasty and warm, which was a
pleasant surprise.",Excellent,Satisfied
"NIZARA BORAH
","Charter
","Cabin Crew Cleanliness, Cleanliness, Comfort, Entertainment","Wi-Fi, In-Flight Entertainment",,"| Slow
","ry ee lt
for my recent flight. The email indicated boarding

gate 4A, but the terminal board showed 22A,
which was a 30-minute walk away. This caused
significant stress and almost led to missing the
flight. Furthermore, the ground staff was not
helpful in directing us to the correct gate.",Excellent,
"EVELYN BORAH
","Charter
","Food & Beverages, Cleanliness, Comfort","Wi-Fi, Blanket/Pillow",,"Very Efficient
","| was impressed with the legroom on this long-
haul economy flight. Even on a 10-hour flight, the
seat padding held up, allowing for decent rest.

| The adjustable cabin lighting was a huge bonus,

| allowing us to manage our own cabin brightness.

|
|",Average,Satisfied
